﻿{"cameraMode":{"drawMode":0,"name":"Shaded","section":"Shading Mode"},"sceneLighting":true,"audioPlay":false,"sceneViewState":{"showFog":true,"showMaterialUpdate":false,"showSkybox":true,"showFlares":true,"showImageEffects":true,"showParticleSystems":true},"in2DMode":false,"pivot":{"x":8.575981140136719,"y":-3.2185864448547365,"z":12.70083236694336},"rotation":{"x":-0.1484847515821457,"y":-0.12807804346084596,"z":0.019397005438804628,"w":-0.9803938269615173},"size":24.854774475097658,"orthographic":false}